person_id,date,activity_count
C001,2026-08-01,5
C001,2026-08-02,7
C001,2026-08-03,6
C001,2026-08-04,8
C001,2026-08-05,7
C001,2026-08-06,40
C002,2026-08-01,10
C002,2026-08-02,11
C002,2026-08-03,9
C002,2026-08-04,10
C002,2026-08-05,12
C003,2026-08-01,4
C003,2026-08-02,5
C003,2026-08-03,6
C003,2026-08-04,5
C004,2026-08-01,14
C004,2026-08-02,15
C004,2026-08-03,16
C004,2026-08-04,15
C004,2026-08-05,17
C005,2026-08-01,8
C005,2026-08-02,9
C005,2026-08-03,8
C005,2026-08-04,10
C006,2026-08-01,6
C006,2026-08-02,7
C006,2026-08-03,6
C006,2026-08-04,7
C007,2026-08-01,3
C007,2026-08-02,4
C007,2026-08-03,3
C007,2026-08-04,4
C008,2026-08-01,2
C008,2026-08-02,2
C008,2026-08-03,3
